state,value
Alabama,"918657 "
Alaska,"1693458 "
Arkansas,"1126997 "
Arizona,"1074060 "
California,"1038916 "
Colorado,"1009705 "
Connecticut,"958901 "
Delaware,"1000331 "
District of Columbia,"1128664 "
Florida,"2116900 "
Georgia,"1118282 "
Hawaii,"1085020 "
Iowa,"1127889 "
Idaho,"1057979 "
Illinois,"1090330 "
Indiana,"1260341 "
Kansas,"1294094 "
Kentucky,"1238463 "
Louisiana,"1201860 "
Maine,"1132927 "
Maryland,"1024571 "
Massachusetts,"1128917 "
Michigan,"1292282 "
Minnesota,"1211193 "
Missouri,"1251100 "
Mississippi,"1220813 "
Montana,"1169191 "
North Carolina,"1084136 "
North Dakota,"1220482 "
Nebraska,"1392057 "
New Hampshire,"1341845 "
New Jersey,"1307866 "
New Mexico,"1331710 "
Nevada,"1407351 "
New York,"1949144 "
Ohio,"1419503 "
Oklahoma,"1770591 "
Oregon,"1586931 "
Pennsylvania,"1284138 "
Rhode Island,"1538880 "
South Carolina,"1487152 "
South Dakota,"1428497 "
Tennessee,"1882762 "
Texas,"1660787 "
Utah,"1238873 "
Virginia,"1816423 "
Vermont,"1859920 "
Washington,"1837593 "
Wisconsin,"1189504 "
West Virginia,"1875230 "
Wyoming,"1100371 "