state,value
Alabama,"1.44 "
Alaska,"1.38 "
Arkansas,"1.34 "
Arizona,"1.33 "
California,"1.37 "
Colorado,"1.36 "
Connecticut,"1.46 "
Delaware,"1.32 "
District of Columbia,"1.41 "
Florida,"1.60 "
Georgia,"1.16 "
Hawaii,"1.35 "
Iowa,"1.28 "
Idaho,"1.28 "
Illinois,"1.52 "
Indiana,"1.23 "
Kansas,"1.34 "
Kentucky,"1.34 "
Louisiana,"1.45 "
Maine,"1.22 "
Maryland,"1.42 "
Massachusetts,"1.34 "
Michigan,"1.43 "
Minnesota,"1.10 "
Missouri,"1.35 "
Mississippi,"1.39 "
Montana,"1.35 "
North Carolina,"1.76 "
North Dakota,"1.36 "
Nebraska,"1.47 "
New Hampshire,"1.25 "
New Jersey,"1.35 "
New Mexico,"1.42 "
Nevada,"1.22 "
New York,"1.92 "
Ohio,"1.34 "
Oklahoma,"1.70 "
Oregon,"1.24 "
Pennsylvania,"1.41 "
Rhode Island,"1.46 "
South Carolina,"1.38 "
South Dakota,"1.42 "
Tennessee,"1.80 "
Texas,"1.39 "
Utah,"1.21 "
Virginia,"1.18 "
Vermont,"1.44 "
Washington,"1.35 "
Wisconsin,"1.30 "
West Virginia,"1.79 "
Wyoming,"1.30 "